[
  {
    "id": "kegiatan-bersih-desa",
    "judul": "Kegiatan Bersih Desa Jelang Musim Hujan",
    "tanggal": "2025-10-10",
    "ringkas": "Warga bersama perangkat desa melakukan kerja bakti membersihkan saluran air dan lingkungan.",
    "isi": "Dalam rangka mencegah genangan air saat musim hujan, warga dan perangkat desa melakukan kegiatan bersih-bersih di beberapa titik. Kegiatan berjalan lancar dengan partisipasi aktif pemuda dan ibu-ibu.",
    "foto": "assets/img/berita1.svg"
  },
  {
    "id": "rapat-koordinasi",
    "judul": "Rapat Koordinasi Bulanan Perangkat Desa",
    "tanggal": "2025-10-08",
    "ringkas": "Rapat membahas agenda pelayanan administrasi dan kegiatan rutin desa.",
    "isi": "Rapat dipimpin oleh Kepala Desa dan dihadiri seluruh perangkat. Dibahas peningkatan pelayanan surat dan rencana kerja bakti akhir bulan.",
    "foto": "assets/img/berita2.svg"
  },
  {
    "id": "posyandu-balita",
    "judul": "Posyandu Balita Dusun I",
    "tanggal": "2025-10-05",
    "ringkas": "Kegiatan posyandu rutin dengan pemeriksaan tumbuh kembang balita.",
    "isi": "Kader kesehatan melaksanakan penimbangan dan imunisasi sesuai jadwal. Warga diimbau hadir tepat waktu untuk kelancaran pelayanan.",
    "foto": "assets/img/berita3.svg"
  }
]