[
  {
    "nama": "Surat Keterangan Domisili",
    "syarat": [
      "Fotokopi KTP & KK",
      "Mengisi formulir permohonan"
    ],
    "waktu_proses": "1–2 hari kerja",
    "biaya": "Gratis",
    "catatan": "Ambil di kantor desa saat selesai."
  },
  {
    "nama": "Surat Keterangan Tidak Mampu (SKTM)",
    "syarat": [
      "Fotokopi KTP & KK",
      "Surat pengantar RT/RW (jika ada)"
    ],
    "waktu_proses": "1–2 hari kerja",
    "biaya": "Gratis",
    "catatan": "Untuk keperluan sekolah/kesehatan sesuai kebutuhan."
  },
  {
    "nama": "Pengantar KTP/KK",
    "syarat": [
      "Fotokopi KK",
      "Form isian Dinas Dukcapil"
    ],
    "waktu_proses": "1 hari kerja",
    "biaya": "Gratis",
    "catatan": "Bawa berkas ke Dinas Dukcapil setelah menerima pengantar."
  },
  {
    "nama": "Surat Keterangan Kelahiran",
    "syarat": [
      "Fotokopi KTP orang tua",
      "Surat keterangan lahir"
    ],
    "waktu_proses": "1–2 hari kerja",
    "biaya": "Gratis",
    "catatan": "Untuk pengurusan akta kelahiran di Dinas Dukcapil."
  },
  {
    "nama": "Surat Keterangan Kematian",
    "syarat": [
      "Fotokopi KTP/KK",
      "Surat keterangan dari fasilitas kesehatan (jika ada)"
    ],
    "waktu_proses": "1 hari kerja",
    "biaya": "Gratis",
    "catatan": "Untuk pengurusan administrasi kependudukan lebih lanjut."
  }
]