{
  "sejarah": "Desa Kolongan Atas 1 berada di Kecamatan Sonder, Kabupaten Minahasa. Secara historis, desa berkembang dari komunitas agraris dengan budaya gotong royong yang kuat.",
  "letak": "Secara geografis, desa berada di dataran tinggi Kecamatan Sonder dengan akses jalan utama yang menghubungkan ke pusat kecamatan.",
  "visi": "Mewujudkan Desa Kolongan Atas 1 yang maju, transparan, dan berdaya saing.",
  "misi": [
    "Meningkatkan pelayanan administrasi publik yang cepat dan mudah.",
    "Mendorong partisipasi warga dalam pembangunan desa.",
    "Mengoptimalkan pemanfaatan teknologi informasi.",
    "Menjaga nilai budaya dan lingkungan desa."
  ],
  "struktur": [
    {
      "jabatan": "Kepala Desa",
      "nama": "Nama Kepala Desa"
    },
    {
      "jabatan": "Sekretaris Desa",
      "nama": "Nama Sekdes"
    },
    {
      "jabatan": "Kaur Umum",
      "nama": "Nama Kaur Umum"
    },
    {
      "jabatan": "Kaur Keuangan",
      "nama": "Nama Kaur Keuangan"
    },
    {
      "jabatan": "Kasi Pemerintahan",
      "nama": "Nama Kasi Pemerintahan"
    },
    {
      "jabatan": "Kepala Dusun I",
      "nama": "Nama Kadus I"
    },
    {
      "jabatan": "Kepala Dusun II",
      "nama": "Nama Kadus II"
    }
  ]
}